region,name,lat,lon
01,Dresden,51.05,13.74
02,Görlitz/Bautzen,51.18,14.43
03,Cottbus,51.76,14.33
04,Leipzig,51.34,12.37
06,Halle (Saale),51.48,11.97
07,Jena/Gera,50.93,11.59
08,Zwickau/Plauen,50.70,12.49
09,Chemnitz,50.83,12.92
10,Berlin-Mitte,52.52,13.40
12,Berlin-Süd,52.47,13.44
13,Berlin-Nord,52.56,13.40
14,Potsdam,52.40,13.06
15,Frankfurt (Oder),52.34,14.55
16,Oranienburg/Eberswalde,52.80,13.40
17,Neubrandenburg,53.56,13.26
18,Rostock,54.09,12.14
19,Schwerin,53.63,11.41
20,Hamburg-Mitte,53.55,9.99
21,Hamburg-Süd/Buxtehude,53.46,9.93
22,Hamburg-Nord,53.60,9.95
23,Lübeck,53.87,10.69
24,Kiel,54.32,10.14
25,Husum/Elmshorn,54.00,9.30
26,Oldenburg,53.14,8.21
27,Bremerhaven,53.55,8.58
28,Bremen,53.08,8.80
29,Celle/Lüneburg,52.90,10.20
30,Hannover,52.37,9.74
31,Hildesheim,52.15,9.95
32,Herford/Minden,52.15,8.70
33,Bielefeld/Paderborn,51.90,8.60
34,Kassel,51.31,9.49
35,Gießen/Marburg,50.65,8.70
36,Fulda,50.55,9.68
37,Göttingen,51.53,9.93
38,Braunschweig,52.26,10.52
39,Magdeburg,52.13,11.63
40,Düsseldorf,51.22,6.78
41,Mönchengladbach,51.19,6.44
42,Wuppertal,51.26,7.15
44,Dortmund,51.51,7.47
45,Essen,51.46,7.01
46,Oberhausen/Bottrop,51.52,6.86
47,Duisburg/Krefeld,51.40,6.65
48,Münster,51.96,7.63
49,Osnabrück,52.28,8.05
50,Köln,50.94,6.96
51,Bergisch Gladbach/Leverkusen,50.98,7.15
52,Aachen,50.78,6.08
53,Bonn,50.73,7.10
54,Trier,49.75,6.64
55,Mainz,49.99,8.25
56,Koblenz,50.36,7.59
57,Siegen,50.87,8.02
58,Hagen,51.36,7.47
59,Hamm/Soest,51.63,7.85
60,Frankfurt am Main,50.11,8.68
61,Bad Homburg,50.23,8.62
63,Offenbach/Aschaffenburg,50.00,9.00
64,Darmstadt,49.87,8.65
65,Wiesbaden,50.08,8.24
66,Saarbrücken,49.24,7.00
67,Ludwigshafen/Kaiserslautern,49.45,8.15
68,Mannheim,49.49,8.47
69,Heidelberg,49.40,8.69
70,Stuttgart,48.78,9.18
71,Böblingen/Ludwigsburg,48.80,9.00
72,Tübingen/Reutlingen,48.45,9.05
73,Göppingen/Esslingen,48.70,9.65
74,Heilbronn,49.14,9.22
75,Pforzheim,48.89,8.70
76,Karlsruhe,49.01,8.40
77,Offenburg,48.47,7.94
78,Villingen-Schwenningen/Konstanz,47.90,8.50
79,Freiburg,47.99,7.85
80,München-Mitte,48.14,11.58
81,München-Süd,48.12,11.55
82,Starnberg/Garmisch,47.80,11.30
83,Rosenheim,47.86,12.13
84,Landshut,48.54,12.15
85,Ingolstadt/Freising,48.55,11.60
86,Augsburg,48.37,10.90
87,Kempten,47.73,10.31
88,Ravensburg/Friedrichshafen,47.78,9.61
89,Ulm,48.40,9.99
90,Nürnberg,49.45,11.08
91,Erlangen/Ansbach,49.50,10.90
92,Amberg/Weiden,49.50,12.00
93,Regensburg,49.02,12.10
94,Passau/Deggendorf,48.70,13.20
95,Hof/Bayreuth,50.10,11.80
96,Bamberg/Coburg,50.00,10.95
97,Würzburg/Schweinfurt,49.85,10.00
98,Suhl/Meiningen,50.60,10.70
99,Erfurt,50.98,11.03
